date,claims_submitted,hospitals_active,avg_processing_sec,api_error_rate_pct,p95_latency_ms,day_of_week,is_holiday,month,quarter,is_month_end,is_malaria_season,new_registrations,total_amount_tzs
2022-01-01,693,10,2.52,9.4,426,Saturday,1,1,1,0,0,26,58255575
2022-01-02,4019,57,3.09,1.88,275,Sunday,0,1,1,0,0,23,246956896
2022-01-03,3956,59,2.47,3.95,505,Monday,0,1,1,0,0,21,343534127
2022-01-04,3180,46,3.12,2.45,362,Tuesday,0,1,1,0,0,21,181425962
2022-01-05,2546,35,1.82,2.26,287,Wednesday,0,1,1,0,0,29,225876879
2022-01-06,1045,15,1.84,6.47,259,Thursday,0,1,1,0,0,31,60241800
2022-01-07,921,12,2.56,1.67,381,Friday,0,1,1,0,0,41,69877888
2022-01-08,3407,50,2.27,4.61,476,Saturday,0,1,1,0,0,28,214264733
2022-01-09,3428,50,2.29,4.67,308,Sunday,0,1,1,0,0,28,209420995
2022-01-10,3220,47,1.58,15.0,321,Monday,0,1,1,0,0,22,201893286
2022-01-11,3194,44,1.8,3.75,380,Tuesday,0,1,1,0,0,22,223452465
2022-01-12,675,10,1.2,2.46,484,Wednesday,1,1,1,0,0,25,58895389
2022-01-13,1151,18,1.99,15.0,494,Thursday,0,1,1,0,0,21,95493764
2022-01-14,834,10,1.51,4.33,431,Friday,0,1,1,0,0,24,56267514
2022-01-15,3524,53,1.64,2.08,498,Saturday,0,1,1,0,0,22,208296642
2022-01-16,3290,50,2.32,14.56,475,Sunday,0,1,1,0,0,28,288582511
2022-01-17,3122,45,2.56,4.57,386,Monday,0,1,1,0,0,23,276325880
2022-01-18,3027,43,2.66,11.53,492,Tuesday,0,1,1,0,0,30,204878908
2022-01-19,2532,39,2.73,1.32,317,Wednesday,0,1,1,0,0,30,202034085
2022-01-20,949,15,1.81,3.06,458,Thursday,0,1,1,0,0,21,60226556
2022-01-21,929,13,1.65,8.44,326,Friday,0,1,1,0,0,24,48730587
2022-01-22,3321,47,2.63,1.79,431,Saturday,0,1,1,0,0,26,202827236
2022-01-23,3122,45,1.45,3.86,517,Sunday,0,1,1,0,0,23,246963362
2022-01-24,3291,50,2.54,3.35,437,Monday,0,1,1,0,0,29,274701360
2022-01-25,2901,40,2.07,2.05,418,Tuesday,0,1,1,0,0,34,254077614
2022-01-26,2755,42,2.12,6.71,438,Wednesday,0,1,1,0,0,19,126414924
2022-01-27,1935,26,1.69,2.95,473,Thursday,0,1,1,1,0,25,134134793
2022-01-28,1379,21,1.29,1.96,590,Friday,0,1,1,1,0,26,80941929
2022-01-29,5166,64,2.52,8.73,472,Saturday,0,1,1,1,0,34,409136742
2022-01-30,4915,64,2.31,0.83,379,Sunday,0,1,1,1,0,21,281465175
2022-01-31,4874,64,3.41,0.55,403,Monday,0,1,1,1,0,32,357332486
2022-02-01,3555,54,3.12,4.99,347,Tuesday,0,2,1,0,0,26,286526361
2022-02-02,3010,45,2.5,2.89,320,Wednesday,0,2,1,0,0,21,251344770
2022-02-03,1605,22,2.66,12.52,225,Thursday,0,2,1,0,0,27,93849830
2022-02-04,1101,14,2.3,5.72,383,Friday,0,2,1,0,0,36,54380159
2022-02-05,3454,48,2.08,9.37,307,Saturday,0,2,1,0,0,29,193201798
2022-02-06,3332,49,2.49,2.2,427,Sunday,0,2,1,0,0,20,249755293
2022-02-07,3143,46,1.8,5.89,379,Monday,0,2,1,0,0,19,147791589
2022-02-08,3210,49,2.61,2.88,333,Tuesday,0,2,1,0,0,31,169947340
2022-02-09,2459,37,1.37,5.6,251,Wednesday,0,2,1,0,0,23,233048617
2022-02-10,1231,20,2.46,1.56,392,Thursday,0,2,1,0,0,22,78927499
2022-02-11,1084,13,2.01,3.74,279,Friday,0,2,1,0,0,19,75691724
2022-02-12,3476,49,1.59,0.99,476,Saturday,0,2,1,0,0,33,158333044
2022-02-13,3309,49,2.94,5.1,440,Sunday,0,2,1,0,0,21,246836144
2022-02-14,3414,52,2.97,0.93,401,Monday,0,2,1,0,0,20,209158485
2022-02-15,3346,49,2.92,1.26,536,Tuesday,0,2,1,0,0,32,239271327
2022-02-16,2837,42,2.68,1.76,420,Wednesday,0,2,1,0,0,24,202294887
2022-02-17,1203,17,2.19,1.36,450,Thursday,0,2,1,0,0,41,112327565
2022-02-18,969,15,1.67,4.57,474,Friday,0,2,1,0,0,23,56602051
2022-02-19,3655,53,1.76,8.08,378,Saturday,0,2,1,0,0,24,268721616
2022-02-20,3300,47,1.95,3.36,379,Sunday,0,2,1,0,0,30,211456178
2022-02-21,3140,44,2.02,12.17,423,Monday,0,2,1,0,0,24,207553970
2022-02-22,3182,47,2.05,2.88,312,Tuesday,0,2,1,0,0,17,152029446
2022-02-23,2547,36,2.27,4.26,562,Wednesday,0,2,1,0,0,37,202289491
2022-02-24,1076,16,1.37,2.66,432,Thursday,0,2,1,0,0,21,58926354
2022-02-25,804,9,1.28,2.73,403,Friday,0,2,1,0,0,24,55013254
2022-02-26,3387,47,2.7,5.5,586,Saturday,0,2,1,0,0,34,225958562
2022-02-27,5114,64,1.84,8.23,331,Sunday,0,2,1,1,0,22,349833683
2022-02-28,5072,64,2.07,9.58,542,Monday,0,2,1,1,0,29,323478464
2022-03-01,3967,56,2.33,14.07,485,Tuesday,0,3,1,0,0,35,226592147
2022-03-02,3187,44,1.69,9.01,509,Wednesday,0,3,1,0,0,34,214917584
2022-03-03,1578,25,2.75,0.69,405,Thursday,0,3,1,0,0,29,74656720
2022-03-04,897,15,2.12,12.19,424,Friday,0,3,1,0,0,25,51233166
2022-03-05,3383,47,2.21,5.53,392,Saturday,0,3,1,0,0,17,284992102
2022-03-06,3393,51,1.67,4.16,499,Sunday,0,3,1,0,0,22,295669478
2022-03-07,3308,49,2.12,1.67,451,Monday,0,3,1,0,0,27,267172164
2022-03-08,3205,46,2.55,0.7,375,Tuesday,0,3,1,0,0,14,245593385
2022-03-09,2801,40,3.01,6.05,378,Wednesday,0,3,1,0,0,28,239662769
2022-03-10,1328,21,1.87,9.64,418,Thursday,0,3,1,0,0,28,68247973
2022-03-11,885,12,2.15,11.45,393,Friday,0,3,1,0,0,21,63067495
2022-03-12,3414,52,1.81,10.78,535,Saturday,0,3,1,0,0,14,173485081
2022-03-13,3349,49,2.53,2.34,484,Sunday,0,3,1,0,0,29,280958674
2022-03-14,3316,46,1.87,10.1,484,Monday,0,3,1,0,0,22,235528248
2022-03-15,3330,47,1.8,6.82,438,Tuesday,0,3,1,0,0,40,284719143
2022-03-16,2431,33,2.15,6.03,353,Wednesday,0,3,1,0,0,27,206521159
2022-03-17,1248,17,1.41,2.2,475,Thursday,0,3,1,0,0,31,85251652
2022-03-18,866,13,2.2,0.66,252,Friday,0,3,1,0,0,30,60484656
2022-03-19,3570,53,3.11,4.57,433,Saturday,0,3,1,0,0,20,165695747
2022-03-20,3256,49,2.12,2.55,355,Sunday,0,3,1,0,0,24,231747963
2022-03-21,3415,48,2.03,4.46,348,Monday,0,3,1,0,0,32,269352110
2022-03-22,3187,48,1.74,1.52,382,Tuesday,0,3,1,0,0,25,180648035
2022-03-23,2687,39,2.0,0.95,413,Wednesday,0,3,1,0,0,22,253454925
2022-03-24,1289,20,2.01,1.97,418,Thursday,0,3,1,0,0,25,120832720
2022-03-25,1264,20,1.69,8.61,483,Friday,0,3,1,0,0,21,74754893
2022-03-26,4907,64,2.84,3.26,406,Saturday,0,3,1,0,0,20,395742988
2022-03-27,7286,64,3.38,7.51,411,Sunday,0,3,1,1,0,28,338799607
2022-03-28,7077,64,2.38,9.62,308,Monday,0,3,1,1,0,29,554041596
2022-03-29,6857,64,3.36,5.59,318,Tuesday,0,3,1,1,0,30,522509052
2022-03-30,6061,64,3.54,2.42,442,Wednesday,0,3,1,1,0,24,521900484
2022-03-31,2682,40,1.38,10.48,470,Thursday,0,3,1,1,0,25,161505357
2022-04-01,1395,18,2.02,8.08,399,Friday,0,4,2,0,1,22,124016208
2022-04-02,5368,64,2.9,10.95,494,Saturday,0,4,2,0,1,29,471840497
2022-04-03,5095,64,3.03,1.78,307,Sunday,0,4,2,0,1,27,399856354
2022-04-04,4100,62,2.28,8.66,451,Monday,0,4,2,0,1,26,281328648
2022-04-05,3596,52,2.91,3.01,351,Tuesday,0,4,2,0,1,27,273008543
2022-04-06,3275,48,2.37,2.43,345,Wednesday,0,4,2,0,1,30,266905748
2022-04-07,1611,23,1.82,5.14,358,Thursday,0,4,2,0,1,22,151051499
2022-04-08,1119,14,2.25,6.34,413,Friday,0,4,2,0,1,29,57165692
2022-04-09,4016,58,3.18,4.38,455,Saturday,0,4,2,0,1,22,243585014
2022-04-10,4127,59,3.01,6.63,449,Sunday,0,4,2,0,1,21,346815811
2022-04-11,3949,60,3.17,3.83,396,Monday,0,4,2,0,1,20,258497595
2022-04-12,3823,54,2.02,15.0,470,Tuesday,0,4,2,0,1,31,300579546
2022-04-13,3214,49,1.64,2.13,554,Wednesday,0,4,2,0,1,24,166022058
2022-04-14,1587,24,2.03,8.21,410,Thursday,0,4,2,0,1,19,127686973
2022-04-15,1044,14,1.08,5.47,427,Friday,0,4,2,0,1,27,82166131
2022-04-16,4404,64,2.83,2.3,371,Saturday,0,4,2,0,1,33,327177578
2022-04-17,4129,62,2.03,5.38,388,Sunday,0,4,2,0,1,27,343788377
2022-04-18,3900,58,2.35,4.72,519,Monday,0,4,2,0,1,24,347121885
2022-04-19,4064,59,2.73,0.91,520,Tuesday,0,4,2,0,1,19,351394289
2022-04-20,3172,46,2.26,7.15,403,Wednesday,0,4,2,0,1,22,162973251
2022-04-21,1452,23,1.49,0.79,459,Thursday,0,4,2,0,1,29,119382958
2022-04-22,1106,18,2.52,12.42,493,Friday,0,4,2,0,1,30,74641973
2022-04-23,4091,62,2.92,2.53,384,Saturday,0,4,2,0,1,27,252390525
2022-04-24,4153,60,2.65,1.93,315,Sunday,0,4,2,0,1,25,369544236
2022-04-25,3918,55,2.77,4.98,475,Monday,0,4,2,0,1,26,285938232
2022-04-26,964,16,1.7,8.74,491,Tuesday,1,4,2,0,1,17,67539514
2022-04-27,5057,64,2.45,9.89,479,Wednesday,0,4,2,1,1,18,425950946
2022-04-28,2202,30,1.51,1.55,390,Thursday,0,4,2,1,1,22,160009270
2022-04-29,1702,26,2.51,0.94,541,Friday,0,4,2,1,1,31,149606445
2022-04-30,6659,64,2.78,3.53,442,Saturday,0,4,2,1,1,22,333915872
2022-05-01,5282,64,3.03,8.69,328,Sunday,0,5,2,0,1,23,442666742
2022-05-02,4905,64,2.29,1.98,292,Monday,0,5,2,0,1,23,260905433
2022-05-03,5017,64,3.16,3.66,396,Tuesday,0,5,2,0,1,26,282264282
2022-05-04,3340,47,1.65,2.62,437,Wednesday,0,5,2,0,1,27,180268403
2022-05-05,1418,19,2.15,5.37,396,Thursday,0,5,2,0,1,19,80714073
2022-05-06,1090,15,2.39,0.82,579,Friday,0,5,2,0,1,17,88934772
2022-05-07,4384,64,2.8,11.87,452,Saturday,0,5,2,0,1,17,340928711
2022-05-08,4225,61,2.83,13.55,342,Sunday,0,5,2,0,1,28,238666298
2022-05-09,3879,56,2.47,2.57,238,Monday,0,5,2,0,1,28,226955428
2022-05-10,3651,53,2.48,0.57,438,Tuesday,0,5,2,0,1,22,182421140
2022-05-11,3147,46,1.54,2.59,499,Wednesday,0,5,2,0,1,17,206826429
2022-05-12,1538,22,1.53,0.85,569,Thursday,0,5,2,0,1,29,98323199
2022-05-13,1126,18,2.25,3.24,403,Friday,0,5,2,0,1,22,58879429
2022-05-14,4006,60,3.21,0.61,557,Saturday,0,5,2,0,1,36,347445395
2022-05-15,4218,61,2.56,1.19,311,Sunday,0,5,2,0,1,21,369622295
2022-05-16,3954,58,2.82,3.09,392,Monday,0,5,2,0,1,28,199488552
2022-05-17,3755,56,2.71,0.23,338,Tuesday,0,5,2,0,1,34,218985207
2022-05-18,3250,48,3.15,1.07,483,Wednesday,0,5,2,0,1,25,265864462
2022-05-19,1525,23,2.46,1.17,315,Thursday,0,5,2,0,1,14,134959960
2022-05-20,1074,14,2.08,5.7,452,Friday,0,5,2,0,1,25,52178839
2022-05-21,4076,59,1.81,8.26,320,Saturday,0,5,2,0,1,25,367323071
2022-05-22,4377,63,2.29,6.19,560,Sunday,0,5,2,0,1,26,210454291
2022-05-23,4138,59,2.05,11.37,390,Monday,0,5,2,0,1,27,317339901
2022-05-24,3936,58,3.04,2.83,450,Tuesday,0,5,2,0,1,33,181464386
2022-05-25,3135,46,2.19,10.86,276,Wednesday,0,5,2,0,1,29,286580542
2022-05-26,1426,22,2.0,6.47,300,Thursday,0,5,2,0,1,24,89388143
2022-05-27,1682,22,2.78,2.51,358,Friday,0,5,2,1,1,29,130254338
2022-05-28,6857,64,3.59,3.23,488,Saturday,0,5,2,1,1,23,371862720
2022-05-29,6673,64,3.48,1.13,472,Sunday,0,5,2,1,1,18,407471869
2022-05-30,6622,64,2.37,1.14,506,Monday,0,5,2,1,1,22,545420527
2022-05-31,6117,64,2.06,4.08,299,Tuesday,0,5,2,1,1,28,572855791
2022-06-01,3475,53,1.71,3.16,460,Wednesday,0,6,2,0,0,27,328744259
2022-06-02,1713,27,2.4,5.86,375,Thursday,0,6,2,0,0,26,146434050
2022-06-03,1041,14,1.71,0.16,355,Friday,0,6,2,0,0,33,90941397
2022-06-04,3757,54,1.75,1.81,377,Saturday,0,6,2,0,0,30,351167515
2022-06-05,3851,56,2.83,7.46,410,Sunday,0,6,2,0,0,22,181057978
2022-06-06,3434,52,1.82,5.08,472,Monday,0,6,2,0,0,32,183744831
2022-06-07,3273,50,2.46,0.25,509,Tuesday,0,6,2,0,0,26,155905718
2022-06-08,2688,39,2.6,10.5,461,Wednesday,0,6,2,0,0,19,188316059
2022-06-09,1321,21,2.1,8.37,470,Thursday,0,6,2,0,0,26,122753214
2022-06-10,752,12,2.64,2.71,565,Friday,0,6,2,0,0,19,55739600
2022-06-11,3598,50,2.26,1.95,475,Saturday,0,6,2,0,0,24,261827200
2022-06-12,3447,51,2.02,5.94,402,Sunday,0,6,2,0,0,23,297594392
2022-06-13,3612,51,1.86,8.64,466,Monday,0,6,2,0,0,20,330308168
2022-06-14,3344,49,2.33,7.87,556,Tuesday,0,6,2,0,0,35,267278434
2022-06-15,3031,44,2.86,11.52,350,Wednesday,0,6,2,0,0,28,272089440
2022-06-16,1335,17,2.68,3.82,385,Thursday,0,6,2,0,0,32,71770686
2022-06-17,881,10,2.63,2.14,536,Friday,0,6,2,0,0,24,61820079
2022-06-18,3821,54,2.47,5.57,396,Saturday,0,6,2,0,0,26,241602792
2022-06-19,3701,52,2.57,3.27,481,Sunday,0,6,2,0,0,20,228078067
2022-06-20,3645,52,2.52,3.7,523,Monday,0,6,2,0,0,32,203072117
2022-06-21,3272,50,2.25,2.6,319,Tuesday,0,6,2,0,0,20,293497840
2022-06-22,2881,44,1.64,0.45,387,Wednesday,0,6,2,0,0,33,194520686
2022-06-23,1176,17,1.15,1.11,516,Thursday,0,6,2,0,0,21,84098936
2022-06-24,969,13,1.74,4.25,409,Friday,0,6,2,0,0,23,56992253
2022-06-25,4869,64,2.09,3.1,258,Saturday,0,6,2,0,0,17,453511049
2022-06-26,4904,64,3.29,2.43,379,Sunday,0,6,2,0,0,24,370548692
2022-06-27,7431,64,3.58,2.79,483,Monday,0,6,2,1,0,27,334652922
2022-06-28,7255,64,3.3,8.31,522,Tuesday,0,6,2,1,0,30,423652991
2022-06-29,6309,64,2.14,0.35,424,Wednesday,0,6,2,1,0,38,599149197
2022-06-30,2616,40,2.38,5.73,458,Thursday,0,6,2,1,0,22,245220546
2022-07-01,1282,16,2.11,3.78,390,Friday,0,7,3,0,0,23,92599916
2022-07-02,4764,64,2.5,1.17,492,Saturday,0,7,3,0,0,26,348752733
2022-07-03,4619,64,2.84,2.31,534,Sunday,0,7,3,0,0,23,416076863
2022-07-04,3498,51,2.96,7.2,481,Monday,0,7,3,0,0,22,281338182
2022-07-05,3494,50,2.79,15.0,410,Tuesday,0,7,3,0,0,22,320088202
2022-07-06,2882,40,2.18,1.58,454,Wednesday,0,7,3,0,0,19,198733061
2022-07-07,131,1,1.27,7.05,496,Thursday,1,7,3,0,0,25,12287149
2022-07-08,924,11,1.8,11.34,422,Friday,0,7,3,0,0,18,66507200
2022-07-09,3809,58,3.17,3.36,484,Saturday,0,7,3,0,0,24,294214581
2022-07-10,3546,50,2.9,4.36,449,Sunday,0,7,3,0,0,22,174209104
2022-07-11,3255,48,1.5,2.24,533,Monday,0,7,3,0,0,33,246017797
2022-07-12,3501,52,2.83,2.79,476,Tuesday,0,7,3,0,0,27,291944179
2022-07-13,2826,42,1.66,2.2,380,Wednesday,0,7,3,0,0,26,189243704
2022-07-14,1026,15,1.98,4.43,532,Thursday,0,7,3,0,0,27,71945080
2022-07-15,966,15,2.36,3.83,456,Friday,0,7,3,0,0,21,62467714
2022-07-16,3792,53,2.51,5.37,408,Saturday,0,7,3,0,0,29,354370269
2022-07-17,3523,50,2.19,5.33,311,Sunday,0,7,3,0,0,22,242492359
2022-07-18,3483,51,2.04,3.22,438,Monday,0,7,3,0,0,17,178714705
2022-07-19,3552,54,2.03,3.28,566,Tuesday,0,7,3,0,0,26,164967699
2022-07-20,2740,40,2.77,10.61,201,Wednesday,0,7,3,0,0,21,229128279
2022-07-21,1272,17,2.46,12.13,204,Thursday,0,7,3,0,0,20,92071993
2022-07-22,1008,15,2.4,15.0,481,Friday,0,7,3,0,0,28,45499633
2022-07-23,3644,52,2.01,15.0,438,Saturday,0,7,3,0,0,16,233675624
2022-07-24,3921,57,2.94,13.02,473,Sunday,0,7,3,0,0,27,355644359
2022-07-25,3680,54,1.6,6.18,377,Monday,0,7,3,0,0,26,339986906
2022-07-26,3656,53,1.88,12.26,248,Tuesday,0,7,3,0,0,19,174310630
2022-07-27,4556,64,2.59,8.8,353,Wednesday,0,7,3,1,0,29,233135625
2022-07-28,2265,31,1.94,3.49,544,Thursday,0,7,3,1,0,22,102476566
2022-07-29,1504,20,1.29,5.51,383,Friday,0,7,3,1,0,32,133004263
2022-07-30,5924,64,2.06,5.72,384,Saturday,0,7,3,1,0,33,287576500
2022-07-31,5627,64,2.96,1.77,209,Sunday,0,7,3,1,0,27,283572707
2022-08-01,4521,64,2.24,1.18,275,Monday,0,8,3,0,0,25,254899099
2022-08-02,4251,60,1.68,6.06,508,Tuesday,0,8,3,0,0,27,386256392
2022-08-03,3607,54,2.25,2.64,399,Wednesday,0,8,3,0,0,15,286438003
2022-08-04,1365,22,1.59,1.38,499,Thursday,0,8,3,0,0,29,103527152
2022-08-05,1173,18,2.01,1.76,359,Friday,0,8,3,0,0,22,98805127
2022-08-06,4017,60,3.18,0.9,302,Saturday,0,8,3,0,0,35,320011191
2022-08-07,3831,58,2.09,6.92,399,Sunday,0,8,3,0,0,30,315277282
2022-08-08,3601,52,3.22,7.02,374,Monday,0,8,3,0,0,17,175306841
2022-08-09,3490,49,1.64,8.17,353,Tuesday,0,8,3,0,0,24,259964044
2022-08-10,3141,44,1.58,5.73,355,Wednesday,0,8,3,0,0,26,259636204
2022-08-11,1415,22,2.3,2.27,409,Thursday,0,8,3,0,0,28,103695347
2022-08-12,648,7,2.2,1.26,380,Friday,0,8,3,0,0,26,29542153
2022-08-13,4169,60,2.35,5.53,345,Saturday,0,8,3,0,0,28,231612940
2022-08-14,3745,54,2.04,4.98,564,Sunday,0,8,3,0,0,27,348828024
2022-08-15,3628,52,2.88,11.69,456,Monday,0,8,3,0,0,25,291091607
2022-08-16,3518,53,3.13,7.73,432,Tuesday,0,8,3,0,0,32,279418012
2022-08-17,2986,44,3.08,2.0,414,Wednesday,0,8,3,0,0,29,232945689
2022-08-18,1336,20,2.15,3.32,473,Thursday,0,8,3,0,0,22,68657574
2022-08-19,792,11,2.22,3.05,462,Friday,0,8,3,0,0,23,35801678
2022-08-20,3741,55,2.95,4.93,337,Saturday,0,8,3,0,0,22,250769016
2022-08-21,3970,57,2.95,6.49,297,Sunday,0,8,3,0,0,31,266848394
2022-08-22,3550,51,3.2,3.35,238,Monday,0,8,3,0,0,22,303845467
2022-08-23,3641,55,2.91,0.32,563,Tuesday,0,8,3,0,0,31,196899366
2022-08-24,3025,43,2.53,4.97,384,Wednesday,0,8,3,0,0,23,177735563
2022-08-25,1088,15,1.66,3.44,467,Thursday,0,8,3,0,0,32,53216382
2022-08-26,825,11,1.98,1.42,436,Friday,0,8,3,0,0,20,53619845
2022-08-27,5961,64,3.49,5.57,493,Saturday,0,8,3,1,0,30,344542744
2022-08-28,5945,64,2.51,11.61,414,Sunday,0,8,3,1,0,25,345670789
2022-08-29,5630,64,1.98,2.63,313,Monday,0,8,3,1,0,18,324865944
2022-08-30,5549,64,2.47,5.01,337,Tuesday,0,8,3,1,0,30,313939810
2022-08-31,4621,64,3.36,6.45,391,Wednesday,0,8,3,1,0,22,281833179
2022-09-01,1789,24,2.51,10.41,293,Thursday,0,9,3,0,0,21,128511935
2022-09-02,1097,14,1.34,14.84,351,Friday,0,9,3,0,0,22,73373408
2022-09-03,4846,64,1.79,1.89,324,Saturday,0,9,3,0,0,29,233443198
2022-09-04,3833,58,2.7,4.7,393,Sunday,0,9,3,0,0,32,254101042
2022-09-05,3631,52,2.51,1.7,380,Monday,0,9,3,0,0,22,317036817
2022-09-06,3541,50,1.65,0.35,429,Tuesday,0,9,3,0,0,25,177174663
2022-09-07,3021,46,3.05,1.31,488,Wednesday,0,9,3,0,0,33,278590819
2022-09-08,1471,21,2.14,5.11,400,Thursday,0,9,3,0,0,32,88891821
2022-09-09,989,12,2.11,1.91,299,Friday,0,9,3,0,0,29,45223786
2022-09-10,3927,58,3.04,4.33,256,Saturday,0,9,3,0,0,34,226422097
2022-09-11,3851,56,2.14,1.11,432,Sunday,0,9,3,0,0,24,186707959
2022-09-12,3746,55,2.5,3.15,366,Monday,0,9,3,0,0,33,274653226
2022-09-13,3567,50,2.49,4.88,407,Tuesday,0,9,3,0,0,26,216931586
2022-09-14,2896,41,3.02,2.21,446,Wednesday,0,9,3,0,0,21,247155733
2022-09-15,1482,22,1.32,1.57,535,Thursday,0,9,3,0,0,20,120977519
2022-09-16,1065,17,2.3,3.04,280,Friday,0,9,3,0,0,25,72877761
2022-09-17,3917,59,2.56,5.95,339,Saturday,0,9,3,0,0,17,286058825
2022-09-18,3890,56,3.02,2.57,413,Sunday,0,9,3,0,0,21,293455687
2022-09-19,3925,58,3.0,1.96,328,Monday,0,9,3,0,0,24,229750794
2022-09-20,3535,52,1.53,11.72,300,Tuesday,0,9,3,0,0,22,183709773
2022-09-21,3035,44,1.84,3.04,524,Wednesday,0,9,3,0,0,25,193711730
2022-09-22,1420,20,1.39,2.02,336,Thursday,0,9,3,0,0,26,70634885
2022-09-23,1343,20,1.85,4.24,315,Friday,0,9,3,0,0,21,81578075
2022-09-24,3994,56,3.14,1.34,328,Saturday,0,9,3,0,0,21,290084651
2022-09-25,5226,64,1.85,3.31,506,Sunday,0,9,3,0,0,22,376301402
2022-09-26,4967,64,2.62,2.85,364,Monday,0,9,3,0,0,25,253469331
2022-09-27,7620,64,3.83,6.27,309,Tuesday,0,9,3,1,0,29,346077197
2022-09-28,6524,64,3.68,2.16,352,Wednesday,0,9,3,1,0,40,322593389
2022-09-29,3055,42,2.53,4.23,416,Thursday,0,9,3,1,0,24,142996918
2022-09-30,2133,33,2.64,4.99,491,Friday,0,9,3,1,0,30,138695007
2022-10-01,5891,64,2.53,0.39,484,Saturday,0,10,4,0,1,26,379895917
2022-10-02,5714,64,2.43,1.48,357,Sunday,0,10,4,0,1,24,326159509
2022-10-03,5516,64,1.99,4.83,377,Monday,0,10,4,0,1,33,307639581
2022-10-04,4390,64,2.53,2.57,588,Tuesday,0,10,4,0,1,27,284564171
2022-10-05,3504,50,2.28,4.53,499,Wednesday,0,10,4,0,1,21,172847690
2022-10-06,1877,29,1.81,3.31,399,Thursday,0,10,4,0,1,25,104577911
2022-10-07,1344,18,1.26,9.92,236,Friday,0,10,4,0,1,29,87742496
2022-10-08,4848,64,2.16,5.28,383,Saturday,0,10,4,0,1,32,241146771
2022-10-09,4470,63,2.04,0.87,313,Sunday,0,10,4,0,1,25,389071855
2022-10-10,4398,62,3.28,2.51,350,Monday,0,10,4,0,1,20,346566467
2022-10-11,4172,63,3.28,1.66,342,Tuesday,0,10,4,0,1,25,267658675
2022-10-12,3529,49,1.51,3.68,401,Wednesday,0,10,4,0,1,26,185342781
2022-10-13,1625,21,1.41,3.81,425,Thursday,0,10,4,0,1,26,88902719
2022-10-14,196,3,2.35,3.3,361,Friday,1,10,4,0,1,28,9996877
2022-10-15,4701,64,1.81,11.13,317,Saturday,0,10,4,0,1,31,249172703
2022-10-16,4593,64,3.32,1.43,405,Sunday,0,10,4,0,1,33,303715372
2022-10-17,4533,64,2.35,5.15,380,Monday,0,10,4,0,1,23,259664896
2022-10-18,4369,64,2.59,1.77,268,Tuesday,0,10,4,0,1,19,389841168
2022-10-19,3692,53,2.84,6.19,468,Wednesday,0,10,4,0,1,25,343527443
2022-10-20,1655,26,1.55,4.08,361,Thursday,0,10,4,0,1,22,131685457
2022-10-21,1143,18,1.2,4.51,398,Friday,0,10,4,0,1,23,97655697
2022-10-22,4799,64,3.14,3.91,402,Saturday,0,10,4,0,1,31,277170932
2022-10-23,4726,64,3.42,5.37,418,Sunday,0,10,4,0,1,29,369815165
2022-10-24,4609,64,2.84,3.83,431,Monday,0,10,4,0,1,29,220770789
2022-10-25,4143,58,3.03,9.36,315,Tuesday,0,10,4,0,1,26,385343762
2022-10-26,3651,55,3.13,1.61,444,Wednesday,0,10,4,0,1,12,286641281
2022-10-27,2485,37,1.69,9.57,392,Thursday,0,10,4,1,1,22,151193758
2022-10-28,1676,23,1.73,7.66,506,Friday,0,10,4,1,1,25,140200882
2022-10-29,7551,64,2.68,1.37,485,Saturday,0,10,4,1,1,30,345760082
2022-10-30,7321,64,2.37,6.27,525,Sunday,0,10,4,1,1,30,467166273
2022-10-31,6904,64,3.43,2.49,344,Monday,0,10,4,1,1,24,619861059
2022-11-01,5335,64,2.11,3.4,522,Tuesday,0,11,4,0,1,33,310283483
2022-11-02,4549,64,1.87,2.19,427,Wednesday,0,11,4,0,1,27,356622110
2022-11-03,1887,25,1.79,0.91,475,Thursday,0,11,4,0,1,26,118890782
2022-11-04,1330,17,1.17,8.29,473,Friday,0,11,4,0,1,29,85942228
2022-11-05,4744,64,2.05,5.5,456,Saturday,0,11,4,0,1,20,390416268
2022-11-06,4617,64,1.84,2.09,332,Sunday,0,11,4,0,1,22,417886054
2022-11-07,4523,64,3.2,4.08,496,Monday,0,11,4,0,1,30,241238393
2022-11-08,4083,58,2.94,5.21,448,Tuesday,0,11,4,0,1,17,240262524
2022-11-09,3692,53,3.0,6.99,302,Wednesday,0,11,4,0,1,29,256185144
2022-11-10,1701,25,2.62,8.6,381,Thursday,0,11,4,0,1,31,128750056
2022-11-11,1138,15,2.63,12.11,322,Friday,0,11,4,0,1,32,77827086
2022-11-12,5076,64,2.13,1.45,305,Saturday,0,11,4,0,1,26,432863182
2022-11-13,4518,64,3.23,4.56,488,Sunday,0,11,4,0,1,16,376822634
2022-11-14,4562,64,2.6,5.97,301,Monday,0,11,4,0,1,23,297725910
2022-11-15,4222,60,1.93,5.03,314,Tuesday,0,11,4,0,1,31,198563166
2022-11-16,3737,55,2.66,5.74,578,Wednesday,0,11,4,0,1,27,204506648
2022-11-17,1559,20,1.67,7.2,384,Thursday,0,11,4,0,1,43,108112959
2022-11-18,1322,17,1.14,4.22,472,Friday,0,11,4,0,1,30,120798659
2022-11-19,4882,64,1.91,5.94,509,Saturday,0,11,4,0,1,30,358233711
2022-11-20,4485,64,2.42,6.23,481,Sunday,0,11,4,0,1,28,320766057
2022-11-21,4539,64,3.11,3.04,431,Monday,0,11,4,0,1,17,368560001
2022-11-22,4301,64,2.19,7.2,417,Tuesday,0,11,4,0,1,20,226296028
2022-11-23,3700,56,2.84,1.77,463,Wednesday,0,11,4,0,1,26,193679916
2022-11-24,1498,22,1.19,2.26,402,Thursday,0,11,4,0,1,28,93280098
2022-11-25,1381,20,1.75,5.79,475,Friday,0,11,4,0,1,35,130839574
2022-11-26,4744,64,1.97,9.69,399,Saturday,0,11,4,0,1,29,421253402
2022-11-27,7256,64,3.72,1.19,408,Sunday,0,11,4,1,1,25,573265323
2022-11-28,6932,64,3.83,7.87,570,Monday,0,11,4,1,1,17,447514296
2022-11-29,6760,64,2.71,0.55,381,Tuesday,0,11,4,1,1,19,491679796
2022-11-30,5774,64,3.64,0.46,421,Wednesday,0,11,4,1,1,24,347466073
2022-12-01,1796,27,2.44,6.34,454,Thursday,0,12,4,0,0,28,141372769
2022-12-02,1459,22,1.09,2.6,459,Friday,0,12,4,0,0,25,96209791
2022-12-03,5155,64,2.66,10.44,443,Saturday,0,12,4,0,0,21,262960646
2022-12-04,4190,62,3.06,11.59,319,Sunday,0,12,4,0,0,28,233610926
2022-12-05,3693,55,2.45,11.59,432,Monday,0,12,4,0,0,23,278580123
2022-12-06,3869,54,2.51,2.6,439,Tuesday,0,12,4,0,0,23,308468541
2022-12-07,3294,48,2.22,4.88,511,Wednesday,0,12,4,0,0,26,164044768
2022-12-08,1582,23,1.79,4.18,479,Thursday,0,12,4,0,0,23,135129771
2022-12-09,1293,17,1.11,0.88,516,Friday,0,12,4,0,0,26,111479058
2022-12-10,442,8,1.95,5.34,339,Saturday,1,12,4,0,0,25,35870110
2022-12-11,3765,54,2.86,15.0,340,Sunday,0,12,4,0,0,30,298110541
2022-12-12,3884,59,2.92,1.21,446,Monday,0,12,4,0,0,20,219808879
2022-12-13,3490,50,2.56,0.54,510,Tuesday,0,12,4,0,0,25,317524032
2022-12-14,2949,42,1.97,12.93,403,Wednesday,0,12,4,0,0,23,172306170
2022-12-15,1428,19,1.12,1.33,360,Thursday,0,12,4,0,0,28,77290831
2022-12-16,981,16,2.52,7.74,291,Friday,0,12,4,0,0,28,75465094
2022-12-17,3948,58,2.32,5.66,449,Saturday,0,12,4,0,0,20,249534187
2022-12-18,3955,60,2.61,14.24,410,Sunday,0,12,4,0,0,24,362481303
2022-12-19,3982,60,1.93,3.37,385,Monday,0,12,4,0,0,31,270825697
2022-12-20,3813,55,1.8,4.34,492,Tuesday,0,12,4,0,0,40,202797940
2022-12-21,3290,47,1.61,5.13,413,Wednesday,0,12,4,0,0,32,305563462
2022-12-22,1405,20,2.44,3.25,420,Thursday,0,12,4,0,0,25,99434232
2022-12-23,1189,17,2.14,2.63,491,Friday,0,12,4,0,0,34,84333328
2022-12-24,4401,63,2.74,8.82,595,Saturday,0,12,4,0,0,26,282940881
2022-12-25,1028,17,2.57,2.58,384,Sunday,1,12,4,0,0,25,89230080
2022-12-26,5337,64,2.14,3.65,349,Monday,0,12,4,0,0,16,316922700
2022-12-27,8060,64,2.7,2.95,340,Tuesday,0,12,4,1,0,20,368225012
2022-12-28,6724,64,2.47,1.56,458,Wednesday,0,12,4,1,0,23,469764839
2022-12-29,3098,44,2.14,3.54,332,Thursday,0,12,4,1,0,23,282829882
2022-12-30,2317,34,2.75,7.61,390,Friday,0,12,4,1,0,21,135922945
2022-12-31,9023,64,4.1,4.41,397,Saturday,0,12,4,1,0,23,526178697
2023-01-01,973,16,2.0,1.62,544,Sunday,1,1,1,0,0,33,79693559
2023-01-02,4709,64,2.86,0.82,515,Monday,0,1,1,0,0,30,394504323
2023-01-03,4814,64,3.29,15.0,297,Tuesday,0,1,1,0,0,22,321468458
2023-01-04,3160,46,2.49,4.71,546,Wednesday,0,1,1,0,0,33,273915636
2023-01-05,1446,19,1.48,6.55,322,Thursday,0,1,1,0,0,23,77500761
2023-01-06,965,14,2.19,4.28,432,Friday,0,1,1,0,0,27,61133974
2023-01-07,4396,62,2.99,4.5,353,Saturday,0,1,1,0,0,19,286680285
2023-01-08,3917,55,2.66,2.37,388,Sunday,0,1,1,0,0,20,237526075
2023-01-09,3925,56,2.05,3.17,341,Monday,0,1,1,0,0,21,219355993
2023-01-10,3641,53,2.21,1.93,554,Tuesday,0,1,1,0,0,27,225405121
2023-01-11,3354,50,2.27,5.3,408,Wednesday,0,1,1,0,0,26,153949133
2023-01-12,281,2,1.1,2.94,438,Thursday,1,1,1,0,0,29,22527067
2023-01-13,925,12,1.75,2.01,334,Friday,0,1,1,0,0,30,73258114
2023-01-14,4240,64,1.92,1.73,306,Saturday,0,1,1,0,0,30,286246239
2023-01-15,3992,58,2.45,7.92,384,Sunday,0,1,1,0,0,17,244093950
2023-01-16,4053,59,1.7,0.18,461,Monday,0,1,1,0,0,28,270354055
2023-01-17,4057,60,3.22,1.47,410,Tuesday,0,1,1,0,0,25,372538247
2023-01-18,3091,43,1.84,10.5,497,Wednesday,0,1,1,0,0,28,232375947
2023-01-19,1653,23,1.92,2.88,429,Thursday,0,1,1,0,0,34,134831682
2023-01-20,1207,15,1.1,11.36,420,Friday,0,1,1,0,0,26,68166335
2023-01-21,4207,60,1.97,4.87,462,Saturday,0,1,1,0,0,20,209247339
2023-01-22,4193,62,2.82,5.05,428,Sunday,0,1,1,0,0,21,206124721
2023-01-23,3997,56,1.79,2.95,495,Monday,0,1,1,0,0,25,274197967
2023-01-24,3823,58,2.63,10.71,464,Tuesday,0,1,1,0,0,19,309029593
2023-01-25,3204,48,1.44,5.25,492,Wednesday,0,1,1,0,0,21,268194085
2023-01-26,1574,24,1.91,12.59,477,Thursday,0,1,1,0,0,29,127526251
2023-01-27,1587,23,2.34,8.34,528,Friday,0,1,1,1,0,28,143842703
2023-01-28,6727,64,3.72,2.73,486,Saturday,0,1,1,1,0,23,320206022
2023-01-29,6288,64,2.9,7.54,559,Sunday,0,1,1,1,0,31,551878735
2023-01-30,6425,64,3.51,5.47,376,Monday,0,1,1,1,0,23,501367356
2023-01-31,5820,64,3.33,0.36,486,Tuesday,0,1,1,1,0,27,312976352
2023-02-01,4434,63,2.19,1.94,309,Wednesday,0,2,1,0,0,21,350813808
2023-02-02,1827,28,2.65,6.88,495,Thursday,0,2,1,0,0,21,128964235
2023-02-03,1429,20,2.17,3.53,424,Friday,0,2,1,0,0,33,89958497
2023-02-04,4397,63,1.86,0.53,494,Saturday,0,2,1,0,0,30,252378601
2023-02-05,4160,63,3.23,7.5,554,Sunday,0,2,1,0,0,28,283744112
2023-02-06,4133,61,1.93,5.63,484,Monday,0,2,1,0,0,31,235401761
2023-02-07,3785,54,2.36,0.4,386,Tuesday,0,2,1,0,0,18,186003810
2023-02-08,3140,46,2.22,11.25,332,Wednesday,0,2,1,0,0,31,274140849
2023-02-09,1508,22,2.16,4.95,462,Thursday,0,2,1,0,0,20,112559908
2023-02-10,1166,15,2.16,1.19,397,Friday,0,2,1,0,0,23,73671941
2023-02-11,4225,64,2.04,6.46,473,Saturday,0,2,1,0,0,23,284486145
2023-02-12,4189,62,2.24,2.16,379,Sunday,0,2,1,0,0,35,369643092
2023-02-13,3856,56,1.82,5.94,345,Monday,0,2,1,0,0,21,235185827
2023-02-14,3902,55,1.79,1.78,400,Tuesday,0,2,1,0,0,23,249761761
2023-02-15,3248,45,2.85,4.34,460,Wednesday,0,2,1,0,0,30,270571458
2023-02-16,1529,21,2.38,12.23,429,Thursday,0,2,1,0,0,28,84134953
2023-02-17,1091,17,1.77,1.68,354,Friday,0,2,1,0,0,30,85057772
2023-02-18,4198,61,1.8,12.16,564,Saturday,0,2,1,0,0,39,280074566
2023-02-19,4187,63,2.4,5.89,408,Sunday,0,2,1,0,0,27,293123195
2023-02-20,3965,57,2.09,5.43,239,Monday,0,2,1,0,0,24,334423990
2023-02-21,3997,58,2.92,1.86,494,Tuesday,0,2,1,0,0,22,378342501
2023-02-22,3425,48,1.65,0.64,419,Wednesday,0,2,1,0,0,21,296521416
2023-02-23,1537,24,1.87,1.62,406,Thursday,0,2,1,0,0,27,81502803
2023-02-24,1092,14,2.02,4.09,404,Friday,0,2,1,0,0,20,61400530
2023-02-25,4417,63,3.36,4.67,405,Saturday,0,2,1,0,0,20,289298145
2023-02-26,4299,64,1.81,2.21,553,Sunday,0,2,1,0,0,22,348052740
2023-02-27,6454,64,2.28,1.33,457,Monday,0,2,1,1,0,24,454804075
2023-02-28,6017,64,3.68,2.55,440,Tuesday,0,2,1,1,0,25,542071733
2023-03-01,4005,56,2.29,7.13,398,Wednesday,0,3,1,0,0,30,189972264
2023-03-02,2013,31,2.47,10.45,558,Thursday,0,3,1,0,0,37,116604733
2023-03-03,1546,23,2.44,7.51,487,Friday,0,3,1,0,0,25,86519694
2023-03-04,4352,64,2.21,1.98,499,Saturday,0,3,1,0,0,24,357771598
2023-03-05,4195,59,2.0,1.03,442,Sunday,0,3,1,0,0,33,286260832
2023-03-06,4250,64,2.12,1.92,499,Monday,0,3,1,0,0,25,194440271
2023-03-07,3786,53,2.86,2.14,451,Tuesday,0,3,1,0,0,35,316781577
2023-03-08,3301,49,2.89,0.89,390,Wednesday,0,3,1,0,0,28,208260610
2023-03-09,1448,23,2.28,13.0,449,Thursday,0,3,1,0,0,21,84017329
2023-03-10,1092,18,1.77,3.73,587,Friday,0,3,1,0,0,20,59116385
2023-03-11,4484,63,2.14,1.91,436,Saturday,0,3,1,0,0,21,413875932
2023-03-12,4067,61,2.34,3.96,521,Sunday,0,3,1,0,0,23,374578432
2023-03-13,4197,59,3.19,10.03,515,Monday,0,3,1,0,0,24,204929623
2023-03-14,3830,56,3.03,9.17,465,Tuesday,0,3,1,0,0,23,216924949
2023-03-15,3402,50,2.03,3.32,552,Wednesday,0,3,1,0,0,25,262994896
2023-03-16,1256,19,1.61,4.49,246,Thursday,0,3,1,0,0,36,98622668
2023-03-17,847,13,2.3,3.19,273,Friday,0,3,1,0,0,30,55803398
2023-03-18,4358,63,2.4,0.65,558,Saturday,0,3,1,0,0,30,319988298
2023-03-19,4384,64,2.65,2.93,368,Sunday,0,3,1,0,0,18,351296623
2023-03-20,4215,61,2.36,4.01,428,Monday,0,3,1,0,0,32,389994814
2023-03-21,3754,54,1.96,1.0,560,Tuesday,0,3,1,0,0,28,305033034
2023-03-22,3495,49,1.82,2.51,435,Wednesday,0,3,1,0,0,24,176544792
2023-03-23,1598,23,1.36,12.43,555,Thursday,0,3,1,0,0,28,129265944
2023-03-24,1150,16,1.05,12.63,388,Friday,0,3,1,0,0,15,55644263
2023-03-25,6335,64,2.54,8.12,469,Saturday,0,3,1,0,0,26,444244167
2023-03-26,5787,64,2.25,8.07,424,Sunday,0,3,1,0,0,28,412872137
2023-03-27,8895,64,3.02,3.46,539,Monday,0,3,1,1,0,34,746408227
2023-03-28,8473,64,2.62,4.59,399,Tuesday,0,3,1,1,0,27,386181821
2023-03-29,7413,64,2.86,0.12,342,Wednesday,0,3,1,1,0,31,657811853
2023-03-30,3338,51,2.35,2.25,382,Thursday,0,3,1,1,0,28,261012361
2023-03-31,2293,32,2.86,8.33,386,Friday,0,3,1,1,0,21,106761030
2023-04-01,6424,64,2.67,7.64,368,Saturday,0,4,2,0,1,33,340481724
2023-04-02,6317,64,2.12,4.44,364,Sunday,0,4,2,0,1,26,296746611
2023-04-03,5980,64,2.61,15.0,509,Monday,0,4,2,0,1,17,498115940
2023-04-04,4339,64,3.06,2.03,532,Tuesday,0,4,2,0,1,27,232332859
2023-04-05,4154,60,2.21,8.68,451,Wednesday,0,4,2,0,1,23,196401116
2023-04-06,1961,29,1.69,0.91,368,Thursday,0,4,2,0,1,29,101774697
2023-04-07,1304,17,2.62,0.99,373,Friday,0,4,2,0,1,30,95163116
2023-04-08,5306,64,2.37,2.47,254,Saturday,0,4,2,0,1,29,370222575
2023-04-09,5141,64,3.48,15.0,450,Sunday,0,4,2,0,1,25,294645452
2023-04-10,4884,64,3.19,6.24,365,Monday,0,4,2,0,1,14,450044795
2023-04-11,4496,64,2.86,4.84,537,Tuesday,0,4,2,0,1,21,394481033
2023-04-12,4052,61,2.63,9.94,309,Wednesday,0,4,2,0,1,25,246049786
2023-04-13,1801,25,1.54,1.95,372,Thursday,0,4,2,0,1,34,123780202
2023-04-14,1550,24,2.35,2.76,412,Friday,0,4,2,0,1,25,109803797
2023-04-15,5319,64,2.45,2.59,457,Saturday,0,4,2,0,1,27,440459947
2023-04-16,5147,64,2.65,7.66,564,Sunday,0,4,2,0,1,28,341747045
2023-04-17,5074,64,1.99,0.99,310,Monday,0,4,2,0,1,31,366969633
2023-04-18,4736,64,2.25,12.24,395,Tuesday,0,4,2,0,1,26,310815525
2023-04-19,4264,60,2.55,2.37,305,Wednesday,0,4,2,0,1,30,354513396
2023-04-20,1716,25,1.94,2.18,483,Thursday,0,4,2,0,1,27,124919136
2023-04-21,1300,21,1.64,4.99,368,Friday,0,4,2,0,1,24,112305739
2023-04-22,5420,64,2.69,2.34,411,Saturday,0,4,2,0,1,22,258462398
2023-04-23,4939,64,3.05,15.0,406,Sunday,0,4,2,0,1,19,445573455
2023-04-24,4871,64,2.56,3.31,429,Monday,0,4,2,0,1,21,418757542
2023-04-25,4798,64,2.62,2.11,407,Tuesday,0,4,2,0,1,18,412269276
2023-04-26,791,10,2.15,2.48,342,Wednesday,1,4,2,0,1,17,41144214
2023-04-27,2783,42,2.79,2.09,426,Thursday,0,4,2,1,1,36,161897250
2023-04-28,2219,34,2.14,4.0,356,Friday,0,4,2,1,1,20,208615027
2023-04-29,8061,64,4.02,3.0,485,Saturday,0,4,2,1,1,21,745753362
2023-04-30,7939,64,2.99,1.82,424,Sunday,0,4,2,1,1,26,447181908
2023-05-01,6085,64,2.45,4.07,336,Monday,0,5,2,0,1,18,405535637
2023-05-02,5725,64,3.12,7.55,612,Tuesday,0,5,2,0,1,26,302263714
2023-05-03,4984,64,2.1,8.33,552,Wednesday,0,5,2,0,1,26,289729432
2023-05-04,1814,26,2.69,3.39,615,Thursday,0,5,2,0,1,35,98384874
2023-05-05,1168,16,1.69,10.44,392,Friday,0,5,2,0,1,20,57286722
2023-05-06,5446,64,3.08,3.86,353,Saturday,0,5,2,0,1,30,402862095
2023-05-07,5143,64,2.8,7.46,484,Sunday,0,5,2,0,1,21,293353040
2023-05-08,4984,64,1.89,3.47,508,Monday,0,5,2,0,1,33,471546320
2023-05-09,4764,64,2.96,7.08,435,Tuesday,0,5,2,0,1,26,337157748
2023-05-10,4056,58,2.95,2.2,251,Wednesday,0,5,2,0,1,18,255344328
2023-05-11,1927,28,2.86,5.7,341,Thursday,0,5,2,0,1,33,174698175
2023-05-12,1268,18,1.76,15.0,453,Friday,0,5,2,0,1,22,96415307
2023-05-13,5044,64,2.66,6.71,367,Saturday,0,5,2,0,1,22,259029278
2023-05-14,4919,64,3.27,6.02,310,Sunday,0,5,2,0,1,29,343793941
2023-05-15,5004,64,2.26,0.57,399,Monday,0,5,2,0,1,26,335538003
2023-05-16,4757,64,2.07,6.24,160,Tuesday,0,5,2,0,1,29,396051662
2023-05-17,4402,64,1.91,1.08,371,Wednesday,0,5,2,0,1,23,350790465
2023-05-18,1973,27,2.86,0.94,385,Thursday,0,5,2,0,1,22,125363563
2023-05-19,1380,22,1.54,3.71,444,Friday,0,5,2,0,1,17,94494073
2023-05-20,5140,64,3.12,14.82,463,Saturday,0,5,2,0,1,22,364628532
2023-05-21,5081,64,2.58,3.51,450,Sunday,0,5,2,0,1,20,335971199
2023-05-22,5103,64,2.23,0.17,491,Monday,0,5,2,0,1,26,257120108
2023-05-23,4833,64,3.32,1.75,406,Tuesday,0,5,2,0,1,19,436285996
2023-05-24,3985,57,2.39,7.87,303,Wednesday,0,5,2,0,1,24,313332578
2023-05-25,1730,26,2.11,2.51,423,Thursday,0,5,2,0,1,12,118480801
2023-05-26,1402,19,1.46,1.26,349,Friday,0,5,2,0,1,22,103018044
2023-05-27,8223,64,3.0,3.38,311,Saturday,0,5,2,1,1,40,457677221
2023-05-28,7971,64,3.67,0.43,466,Sunday,0,5,2,1,1,23,570148226
2023-05-29,7730,64,2.93,1.36,306,Monday,0,5,2,1,1,25,636189736
2023-05-30,7647,64,3.19,5.63,474,Tuesday,0,5,2,1,1,29,548165393
2023-05-31,6347,64,2.26,6.05,316,Wednesday,0,5,2,1,1,25,438154156
2023-06-01,2158,30,2.68,4.69,396,Thursday,0,6,2,0,0,27,147001413
2023-06-02,1375,19,2.33,2.01,374,Friday,0,6,2,0,0,23,114236567
2023-06-03,5518,64,3.2,2.16,510,Saturday,0,6,2,0,0,20,456156414
2023-06-04,4372,64,1.98,13.53,467,Sunday,0,6,2,0,0,27,360705351
2023-06-05,4253,62,2.49,2.82,354,Monday,0,6,2,0,0,23,243733050
2023-06-06,3910,58,1.63,6.81,407,Tuesday,0,6,2,0,0,33,296748466
2023-06-07,3374,51,2.01,10.45,526,Wednesday,0,6,2,0,0,24,283231663
2023-06-08,1666,25,1.72,12.32,539,Thursday,0,6,2,0,0,28,121775792
2023-06-09,1082,16,2.57,5.38,310,Friday,0,6,2,0,0,18,90832674
2023-06-10,4671,64,3.42,0.29,525,Saturday,0,6,2,0,0,21,409740913
2023-06-11,4252,62,2.7,8.82,519,Sunday,0,6,2,0,0,26,228309026
2023-06-12,4168,60,2.51,2.89,434,Monday,0,6,2,0,0,27,251401428
2023-06-13,4206,59,2.39,7.3,412,Tuesday,0,6,2,0,0,24,315725418
2023-06-14,3523,50,1.54,2.61,375,Wednesday,0,6,2,0,0,23,209561847
2023-06-15,1402,18,2.44,12.41,319,Thursday,0,6,2,0,0,16,129081114
2023-06-16,1177,19,2.18,3.05,447,Friday,0,6,2,0,0,25,64389800
2023-06-17,4756,64,2.85,1.48,406,Saturday,0,6,2,0,0,21,298902229
2023-06-18,4412,63,3.06,10.58,454,Sunday,0,6,2,0,0,22,417883970
2023-06-19,4217,60,3.22,3.41,456,Monday,0,6,2,0,0,22,229653971
2023-06-20,4258,62,2.31,1.94,621,Tuesday,0,6,2,0,0,25,287163290
2023-06-21,3454,52,2.22,11.83,515,Wednesday,0,6,2,0,0,28,209620202
2023-06-22,1675,26,2.79,1.6,463,Thursday,0,6,2,0,0,21,143195682
2023-06-23,1114,18,2.15,3.58,249,Friday,0,6,2,0,0,16,67071001
2023-06-24,4474,64,3.14,1.11,451,Saturday,0,6,2,0,0,19,237441657
2023-06-25,6073,64,2.39,2.53,546,Sunday,0,6,2,0,0,33,556631482
2023-06-26,5663,64,2.47,2.64,385,Monday,0,6,2,0,0,23,344707482
2023-06-27,8967,64,3.26,10.84,595,Tuesday,0,6,2,1,0,29,736077505
2023-06-28,7642,64,2.87,9.78,463,Wednesday,0,6,2,1,0,24,454915927
2023-06-29,3482,51,3.0,6.41,443,Thursday,0,6,2,1,0,25,187781062
2023-06-30,2396,34,2.15,2.78,340,Friday,0,6,2,1,0,20,203948979
2023-07-01,5866,64,3.59,3.25,540,Saturday,0,7,3,0,0,22,280272196
2023-07-02,5657,64,2.48,2.68,353,Sunday,0,7,3,0,0,28,348463522
2023-07-03,5487,64,1.96,1.81,374,Monday,0,7,3,0,0,28,460930405
2023-07-04,4209,62,1.88,11.68,269,Tuesday,0,7,3,0,0,24,297184341
2023-07-05,3519,50,1.87,2.5,491,Wednesday,0,7,3,0,0,36,279685513
2023-07-06,1593,24,2.21,5.39,467,Thursday,0,7,3,0,0,30,77006966
2023-07-07,50,1,1.12,3.46,420,Friday,1,7,3,0,0,28,4124524
2023-07-08,4487,64,2.35,4.93,479,Saturday,0,7,3,0,0,32,240489829
2023-07-09,4534,64,3.06,4.27,471,Sunday,0,7,3,0,0,19,387363204
2023-07-10,4513,64,1.91,5.52,390,Monday,0,7,3,0,0,28,330391025
2023-07-11,4276,61,1.79,6.31,357,Tuesday,0,7,3,0,0,29,350452796
2023-07-12,3530,52,2.42,3.06,282,Wednesday,0,7,3,0,0,25,196414970
2023-07-13,1527,22,2.29,4.85,405,Thursday,0,7,3,0,0,27,98905737
2023-07-14,1244,17,2.6,4.1,315,Friday,0,7,3,0,0,16,105868712
2023-07-15,4672,64,2.86,3.37,433,Saturday,0,7,3,0,0,22,423003929
2023-07-16,4399,63,3.29,0.45,407,Sunday,0,7,3,0,0,22,247789554
2023-07-17,4371,64,2.09,3.38,387,Monday,0,7,3,0,0,34,370091184
2023-07-18,4282,60,2.24,9.0,503,Tuesday,0,7,3,0,0,28,215931663
2023-07-19,3380,50,2.9,2.67,341,Wednesday,0,7,3,0,0,26,224051523
2023-07-20,1619,22,2.5,7.16,272,Thursday,0,7,3,0,0,22,148844357
2023-07-21,1320,19,2.19,2.92,401,Friday,0,7,3,0,0,22,121779008
2023-07-22,4791,64,2.62,1.74,360,Saturday,0,7,3,0,0,16,286665221
2023-07-23,4510,64,1.73,7.47,429,Sunday,0,7,3,0,0,25,246451973
2023-07-24,4239,62,2.12,1.73,346,Monday,0,7,3,0,0,22,222438636
2023-07-25,4035,59,1.88,4.06,453,Tuesday,0,7,3,0,0,32,278591582
2023-07-26,3691,54,1.63,1.56,342,Wednesday,0,7,3,0,0,14,183087778
2023-07-27,2473,35,2.61,0.62,341,Thursday,0,7,3,1,0,28,155409879
2023-07-28,1889,27,1.4,6.2,469,Friday,0,7,3,1,0,25,86611699
2023-07-29,7397,64,2.89,5.88,416,Saturday,0,7,3,1,0,23,428803391
2023-07-30,6927,64,3.85,9.66,325,Sunday,0,7,3,1,0,23,623525904
2023-07-31,6739,64,2.84,0.29,343,Monday,0,7,3,1,0,15,453864369
2023-08-01,5413,64,2.12,1.48,390,Tuesday,0,8,3,0,0,24,263544204
2023-08-02,4473,64,2.87,0.94,328,Wednesday,0,8,3,0,0,23,345950047
2023-08-03,2122,31,2.6,5.15,396,Thursday,0,8,3,0,0,29,196882720
2023-08-04,1135,16,1.5,2.16,399,Friday,0,8,3,0,0,24,77373382
2023-08-05,4559,64,3.09,5.27,346,Saturday,0,8,3,0,0,31,347461417
2023-08-06,4606,64,2.18,2.04,472,Sunday,0,8,3,0,0,34,419011966
2023-08-07,4571,64,2.89,8.06,338,Monday,0,8,3,0,0,24,301480173
2023-08-08,4284,64,1.87,8.08,519,Tuesday,0,8,3,0,0,19,335134493
2023-08-09,3683,55,2.26,2.57,402,Wednesday,0,8,3,0,0,26,246890692
2023-08-10,1724,23,2.03,1.76,367,Thursday,0,8,3,0,0,26,160515690
2023-08-11,1377,19,2.31,1.05,463,Friday,0,8,3,0,0,17,96651738
2023-08-12,4677,64,2.84,1.73,422,Saturday,0,8,3,0,0,19,417574929
2023-08-13,4293,62,3.11,3.85,480,Sunday,0,8,3,0,0,15,302055157
2023-08-14,4556,64,2.02,5.21,259,Monday,0,8,3,0,0,21,357278349
2023-08-15,4072,57,2.74,1.35,461,Tuesday,0,8,3,0,0,23,261858406
2023-08-16,3564,53,1.73,3.8,378,Wednesday,0,8,3,0,0,24,323888312
2023-08-17,1558,22,1.92,1.02,423,Thursday,0,8,3,0,0,30,120506793
2023-08-18,1086,17,1.91,1.94,412,Friday,0,8,3,0,0,28,49951239
2023-08-19,4840,64,1.81,3.1,527,Saturday,0,8,3,0,0,28,221585163
2023-08-20,4659,64,1.85,0.48,271,Sunday,0,8,3,0,0,24,367170552
2023-08-21,4318,64,3.09,0.66,549,Monday,0,8,3,0,0,29,218980647
2023-08-22,4412,62,2.17,2.94,476,Tuesday,0,8,3,0,0,32,356525869
2023-08-23,3604,54,2.11,5.26,432,Wednesday,0,8,3,0,0,29,220207423
2023-08-24,1884,25,2.27,3.98,305,Thursday,0,8,3,0,0,31,135546233
2023-08-25,1140,15,1.4,2.52,286,Friday,0,8,3,0,0,28,61240776
2023-08-26,4693,64,2.07,1.59,375,Saturday,0,8,3,0,0,30,268960944
2023-08-27,7073,64,2.93,1.34,470,Sunday,0,8,3,1,0,23,472800962
2023-08-28,6766,64,2.25,9.75,419,Monday,0,8,3,1,0,29,529601064
2023-08-29,6699,64,3.7,10.82,466,Tuesday,0,8,3,1,0,24,353617311
2023-08-30,5570,64,3.51,0.95,302,Wednesday,0,8,3,1,0,24,328987353
2023-08-31,2549,36,2.07,2.08,423,Thursday,0,8,3,1,0,27,141082358
2023-09-01,1545,24,1.46,1.59,507,Friday,0,9,3,0,0,32,136166590
2023-09-02,6192,64,2.84,1.25,536,Saturday,0,9,3,0,0,18,479262810
2023-09-03,5678,64,2.11,2.11,319,Sunday,0,9,3,0,0,22,388515939
2023-09-04,4384,64,2.35,2.23,391,Monday,0,9,3,0,0,19,404849917
2023-09-05,4220,62,1.77,13.92,392,Tuesday,0,9,3,0,0,22,345159348
2023-09-06,3713,52,2.74,4.88,369,Wednesday,0,9,3,0,0,14,340152778
2023-09-07,1613,23,1.59,3.9,492,Thursday,0,9,3,0,0,23,120780872
2023-09-08,1087,16,1.9,6.21,649,Friday,0,9,3,0,0,21,56418393
2023-09-09,4791,64,1.78,2.43,330,Saturday,0,9,3,0,0,25,377393563
2023-09-10,4692,64,2.63,4.67,453,Sunday,0,9,3,0,0,20,258409826
2023-09-11,4407,63,1.69,1.23,443,Monday,0,9,3,0,0,28,274549179
2023-09-12,4319,63,3.24,4.15,445,Tuesday,0,9,3,0,0,23,304406992
2023-09-13,3703,55,2.39,10.17,526,Wednesday,0,9,3,0,0,21,195771311
2023-09-14,1676,24,1.31,7.95,449,Thursday,0,9,3,0,0,26,77161479
2023-09-15,1236,19,1.63,2.74,249,Friday,0,9,3,0,0,23,75833911
2023-09-16,4693,64,1.82,10.86,305,Saturday,0,9,3,0,0,21,404610695
2023-09-17,4512,64,2.6,11.08,334,Sunday,0,9,3,0,0,15,206509719
2023-09-18,4383,64,1.88,6.27,360,Monday,0,9,3,0,0,18,221217446
2023-09-19,4042,59,2.41,2.16,408,Tuesday,0,9,3,0,0,22,344955366
2023-09-20,3541,50,2.03,4.53,402,Wednesday,0,9,3,0,0,15,213496044
2023-09-21,1766,26,2.45,0.22,274,Thursday,0,9,3,0,0,18,162314253
2023-09-22,1282,18,1.88,6.89,291,Friday,0,9,3,0,0,27,82063649
2023-09-23,4654,64,3.17,0.35,250,Saturday,0,9,3,0,0,21,394823004
2023-09-24,4448,64,3.29,5.24,295,Sunday,0,9,3,0,0,27,257714860
2023-09-25,6206,64,3.69,1.59,499,Monday,0,9,3,0,0,34,298456233
2023-09-26,6048,64,2.45,2.99,398,Tuesday,0,9,3,0,0,28,538742076
2023-09-27,7811,64,3.67,6.65,343,Wednesday,0,9,3,1,0,34,713650638
2023-09-28,3539,53,2.25,0.75,266,Thursday,0,9,3,1,0,29,284553234
2023-09-29,2673,37,2.06,15.0,338,Friday,0,9,3,1,0,26,223204564
2023-09-30,10528,64,4.38,3.23,468,Saturday,0,9,3,1,0,21,477511979
2023-10-01,6816,64,2.41,0.06,458,Sunday,0,10,4,0,1,29,563623054
2023-10-02,6719,64,2.96,1.49,399,Monday,0,10,4,0,1,24,460989376
2023-10-03,6413,64,3.09,7.61,398,Tuesday,0,10,4,0,1,18,433772259
2023-10-04,4507,64,1.81,10.04,278,Wednesday,0,10,4,0,1,38,324519756
2023-10-05,1862,28,2.64,0.71,357,Thursday,0,10,4,0,1,21,109039671
2023-10-06,1430,20,1.62,8.26,464,Friday,0,10,4,0,1,19,114134631
2023-10-07,5638,64,3.04,5.78,366,Saturday,0,10,4,0,1,23,337036503
2023-10-08,5520,64,3.48,2.19,549,Sunday,0,10,4,0,1,28,402575432
2023-10-09,5445,64,3.11,6.39,516,Monday,0,10,4,0,1,25,282303438
2023-10-10,5149,64,3.34,1.0,383,Tuesday,0,10,4,0,1,31,405503222
2023-10-11,4299,61,1.78,2.27,398,Wednesday,0,10,4,0,1,18,234212263
2023-10-12,2114,31,2.06,2.93,597,Thursday,0,10,4,0,1,27,113142758
2023-10-13,1494,19,2.06,11.4,487,Friday,0,10,4,0,1,29,69043952
2023-10-14,1060,15,2.18,3.26,425,Saturday,1,10,4,0,1,24,54154646
2023-10-15,5402,64,2.08,3.16,434,Sunday,0,10,4,0,1,29,305907223
2023-10-16,5417,64,3.0,0.67,431,Monday,0,10,4,0,1,22,303977490
2023-10-17,5090,64,2.07,4.87,418,Tuesday,0,10,4,0,1,20,312442378
2023-10-18,4286,62,1.77,0.23,334,Wednesday,0,10,4,0,1,19,204531438
2023-10-19,1901,25,1.98,0.39,387,Thursday,0,10,4,0,1,26,174435571
2023-10-20,1507,22,2.12,10.4,305,Friday,0,10,4,0,1,28,76794902
2023-10-21,5809,64,3.59,6.37,477,Saturday,0,10,4,0,1,24,465290408
2023-10-22,5566,64,3.1,8.43,409,Sunday,0,10,4,0,1,22,399380863
2023-10-23,5117,64,2.83,6.71,482,Monday,0,10,4,0,1,25,371696015
2023-10-24,5315,64,2.23,7.16,318,Tuesday,0,10,4,0,1,17,267216096
2023-10-25,4521,64,1.96,9.07,533,Wednesday,0,10,4,0,1,28,258423737
2023-10-26,1952,26,2.22,8.37,523,Thursday,0,10,4,0,1,19,163956414
2023-10-27,2399,36,1.66,1.32,294,Friday,0,10,4,1,1,32,163574190
2023-10-28,8830,64,3.77,10.21,379,Saturday,0,10,4,1,1,30,599145441
2023-10-29,8665,64,2.73,1.98,388,Sunday,0,10,4,1,1,15,626441285
2023-10-30,8372,64,3.05,1.57,304,Monday,0,10,4,1,1,41,558331144
2023-10-31,8093,64,3.73,6.17,399,Tuesday,0,10,4,1,1,31,690387904
2023-11-01,5375,64,3.29,1.35,464,Wednesday,0,11,4,0,1,12,443089521
2023-11-02,2343,34,1.86,1.24,382,Thursday,0,11,4,0,1,25,142572044
2023-11-03,1798,28,1.51,2.63,282,Friday,0,11,4,0,1,19,153916092
2023-11-04,5687,64,3.57,5.37,481,Saturday,0,11,4,0,1,14,403380738
2023-11-05,5641,64,3.22,6.1,356,Sunday,0,11,4,0,1,22,430898173
2023-11-06,5426,64,3.26,13.93,365,Monday,0,11,4,0,1,18,479163503
2023-11-07,5379,64,2.25,9.7,554,Tuesday,0,11,4,0,1,36,370073384
2023-11-08,4605,64,2.44,0.81,451,Wednesday,0,11,4,0,1,24,381353948
2023-11-09,2038,31,1.32,5.82,355,Thursday,0,11,4,0,1,24,155712101
2023-11-10,1631,25,1.31,0.85,324,Friday,0,11,4,0,1,18,108196049
2023-11-11,5836,64,2.34,1.73,497,Saturday,0,11,4,0,1,20,492864313
2023-11-12,5615,64,2.44,2.84,491,Sunday,0,11,4,0,1,25,282198422
2023-11-13,5633,64,3.62,5.86,379,Monday,0,11,4,0,1,23,417185674
2023-11-14,5123,64,2.54,4.16,319,Tuesday,0,11,4,0,1,20,242423115
2023-11-15,4277,60,2.84,4.73,450,Wednesday,0,11,4,0,1,30,225861767
2023-11-16,2010,28,2.74,3.92,467,Thursday,0,11,4,0,1,32,150636800
2023-11-17,1479,20,1.51,2.03,390,Friday,0,11,4,0,1,25,89302515
2023-11-18,5905,64,2.23,9.8,331,Saturday,0,11,4,0,1,20,343220740
2023-11-19,5501,64,2.31,5.49,421,Sunday,0,11,4,0,1,26,510448432
2023-11-20,5427,64,3.39,0.33,456,Monday,0,11,4,0,1,23,343503490
2023-11-21,5108,64,2.95,4.67,381,Tuesday,0,11,4,0,1,26,374094971
2023-11-22,4443,64,2.46,5.45,440,Wednesday,0,11,4,0,1,40,318618364
2023-11-23,2206,31,2.64,6.61,448,Thursday,0,11,4,0,1,29,106110632
2023-11-24,1479,23,1.5,0.57,511,Friday,0,11,4,0,1,28,116417690
2023-11-25,5735,64,2.35,6.77,386,Saturday,0,11,4,0,1,23,405149453
2023-11-26,5420,64,2.85,6.35,328,Sunday,0,11,4,0,1,18,347264038
2023-11-27,8425,64,3.83,2.22,414,Monday,0,11,4,1,1,15,406934583
2023-11-28,8168,64,2.87,2.87,555,Tuesday,0,11,4,1,1,22,487226911
2023-11-29,6964,64,2.55,4.86,278,Wednesday,0,11,4,1,1,26,621222009
2023-11-30,3021,45,2.21,3.3,234,Thursday,0,11,4,1,1,32,162184102
2023-12-01,1576,25,1.34,9.06,411,Friday,0,12,4,0,0,30,88203490
2023-12-02,6001,64,3.27,0.71,389,Saturday,0,12,4,0,0,27,331643474
2023-12-03,6026,64,2.99,6.68,403,Sunday,0,12,4,0,0,24,539569492
2023-12-04,4627,64,2.6,0.94,400,Monday,0,12,4,0,0,30,370158954
2023-12-05,4561,64,3.2,15.0,500,Tuesday,0,12,4,0,0,24,406349310
2023-12-06,3952,60,2.84,9.66,416,Wednesday,0,12,4,0,0,22,358396308
2023-12-07,1464,23,1.35,4.39,485,Thursday,0,12,4,0,0,29,133807223
2023-12-08,1326,21,1.78,9.17,221,Friday,0,12,4,0,0,17,91872945
2023-12-09,5116,64,2.37,5.19,377,Saturday,0,12,4,0,0,16,352038061
2023-12-10,950,12,2.35,1.71,354,Sunday,1,12,4,0,0,36,82123834
2023-12-11,4596,64,2.94,3.89,237,Monday,0,12,4,0,0,25,283096749
2023-12-12,4628,64,2.53,9.88,428,Tuesday,0,12,4,0,0,23,213399655
2023-12-13,3764,54,2.95,7.3,411,Wednesday,0,12,4,0,0,30,231777280
2023-12-14,1620,24,1.82,3.25,382,Thursday,0,12,4,0,0,19,130924376
2023-12-15,1248,19,2.42,8.03,409,Friday,0,12,4,0,0,20,63873516
2023-12-16,4991,64,1.85,1.57,428,Saturday,0,12,4,0,0,28,420437063
2023-12-17,4945,64,2.02,3.21,501,Sunday,0,12,4,0,0,33,424151024
2023-12-18,4594,64,3.0,1.23,471,Monday,0,12,4,0,0,21,229909570
2023-12-19,4527,64,1.9,1.72,446,Tuesday,0,12,4,0,0,32,225860922
2023-12-20,3706,56,2.7,2.52,604,Wednesday,0,12,4,0,0,23,203609890
2023-12-21,1916,28,2.41,0.31,363,Thursday,0,12,4,0,0,28,120362103
2023-12-22,1325,21,2.19,0.46,311,Friday,0,12,4,0,0,32,94918598
2023-12-23,4749,64,3.14,7.21,513,Saturday,0,12,4,0,0,31,328996947
2023-12-24,4999,64,2.67,5.84,569,Sunday,0,12,4,0,0,22,438204463
2023-12-25,1184,19,2.56,1.5,369,Monday,1,12,4,0,0,19,61700133
2023-12-26,6256,64,3.02,4.93,530,Tuesday,0,12,4,0,0,24,499720747
2023-12-27,8465,64,3.36,2.77,377,Wednesday,0,12,4,1,0,28,613241247
2023-12-28,3571,50,2.38,1.06,466,Thursday,0,12,4,1,0,28,292255072
2023-12-29,2744,38,2.9,4.15,471,Friday,0,12,4,1,0,16,170395049
2023-12-30,10732,64,3.36,8.17,369,Saturday,0,12,4,1,0,40,735882308
2023-12-31,10311,64,4.04,0.1,567,Sunday,0,12,4,1,0,21,478736115
